<?xml version='1.0' encoding='UTF-8'?>
<?metadataRepository version='1.2.0'?>
<repository name='Exported Repository' type='org.eclipse.equinox.internal.p2.metadata.repository.LocalMetadataRepository' version='1.0.0'>
  <properties size='2'>
    <property name='p2.timestamp' value='1611614222208'/>
    <property name='p2.compressed' value='true'/>
  </properties>
  <units size='9'>
    <unit id='com.adtbook.examples.extpointview' version='1.0.0.100' generation='2'>
      <update id='com.adtbook.examples.extpointview' range='[0.0.0,1.0.0.100)' severity='0'/>
      <properties size='1'>
        <property name='org.eclipse.equinox.p2.name' value='ExtPointView'/>
      </properties>
      <provides size='4'>
        <provided namespace='org.eclipse.equinox.p2.iu' name='com.adtbook.examples.extpointview' version='1.0.0.100'/>
        <provided namespace='osgi.bundle' name='com.adtbook.examples.extpointview' version='1.0.0.100'/>
        <provided namespace='osgi.identity' name='com.adtbook.examples.extpointview' version='1.0.0.100'>
          <properties size='1'>
            <property name='type' value='osgi.bundle'/>
          </properties>
        </provided>
        <provided namespace='org.eclipse.equinox.p2.eclipse.type' name='bundle' version='1.0.0'/>
      </provides>
      <requires size='5'>
        <required namespace='osgi.bundle' name='org.eclipse.ui' range='0.0.0'/>
        <required namespace='osgi.bundle' name='org.eclipse.core.runtime' range='0.0.0'/>
        <required namespace='osgi.bundle' name='org.eclipse.help' range='0.0.0'/>
        <required namespace='osgi.bundle' name='org.eclipse.equinox.preferences' range='0.0.0'/>
        <requiredProperties namespace='osgi.ee' match='(&amp;(osgi.ee=JavaSE)(version=11))'>
          <description>
            com.adtbook.examples.extpointview
          </description>
        </requiredProperties>
      </requires>
      <artifacts size='1'>
        <artifact classifier='osgi.bundle' id='com.adtbook.examples.extpointview' version='1.0.0.100'/>
      </artifacts>
      <touchpoint id='org.eclipse.equinox.p2.osgi' version='1.0.0'/>
      <touchpointData size='1'>
        <instructions size='1'>
          <instruction key='manifest'>
            Bundle-SymbolicName: com.adtbook.examples.extpointview;singleton:=true&#xA;Bundle-Version: 1.0.0.100
          </instruction>
        </instructions>
      </touchpointData>
    </unit>
    <unit id='com.adtbook.examples.firstview' version='1.0.0.101' generation='2'>
      <update id='com.adtbook.examples.firstview' range='[0.0.0,1.0.0.101)' severity='0'/>
      <properties size='1'>
        <property name='org.eclipse.equinox.p2.name' value='First View'/>
      </properties>
      <provides size='4'>
        <provided namespace='org.eclipse.equinox.p2.iu' name='com.adtbook.examples.firstview' version='1.0.0.101'/>
        <provided namespace='osgi.bundle' name='com.adtbook.examples.firstview' version='1.0.0.101'/>
        <provided namespace='osgi.identity' name='com.adtbook.examples.firstview' version='1.0.0.101'>
          <properties size='1'>
            <property name='type' value='osgi.bundle'/>
          </properties>
        </provided>
        <provided namespace='org.eclipse.equinox.p2.eclipse.type' name='bundle' version='1.0.0'/>
      </provides>
      <requires size='4'>
        <required namespace='osgi.bundle' name='org.eclipse.ui' range='0.0.0'/>
        <required namespace='osgi.bundle' name='org.eclipse.core.runtime' range='0.0.0'/>
        <required namespace='java.package' name='javax.inject' range='0.0.0'/>
        <requiredProperties namespace='osgi.ee' match='(&amp;(osgi.ee=JavaSE)(version=11))'>
          <description>
            com.adtbook.examples.firstview
          </description>
        </requiredProperties>
      </requires>
      <artifacts size='1'>
        <artifact classifier='osgi.bundle' id='com.adtbook.examples.firstview' version='1.0.0.101'/>
      </artifacts>
      <touchpoint id='org.eclipse.equinox.p2.osgi' version='1.0.0'/>
      <touchpointData size='1'>
        <instructions size='1'>
          <instruction key='manifest'>
            Bundle-SymbolicName: com.adtbook.examples.firstview;singleton:=true&#xA;Bundle-Version: 1.0.0.101
          </instruction>
        </instructions>
      </touchpointData>
    </unit>
    <unit id='com.adtbook.examples.extpointview' version='1.0.0.101' generation='2'>
      <update id='com.adtbook.examples.extpointview' range='[0.0.0,1.0.0.101)' severity='0'/>
      <properties size='1'>
        <property name='org.eclipse.equinox.p2.name' value='ExtPointView'/>
      </properties>
      <provides size='4'>
        <provided namespace='org.eclipse.equinox.p2.iu' name='com.adtbook.examples.extpointview' version='1.0.0.101'/>
        <provided namespace='osgi.bundle' name='com.adtbook.examples.extpointview' version='1.0.0.101'/>
        <provided namespace='osgi.identity' name='com.adtbook.examples.extpointview' version='1.0.0.101'>
          <properties size='1'>
            <property name='type' value='osgi.bundle'/>
          </properties>
        </provided>
        <provided namespace='org.eclipse.equinox.p2.eclipse.type' name='bundle' version='1.0.0'/>
      </provides>
      <requires size='5'>
        <required namespace='osgi.bundle' name='org.eclipse.ui' range='0.0.0'/>
        <required namespace='osgi.bundle' name='org.eclipse.core.runtime' range='0.0.0'/>
        <required namespace='osgi.bundle' name='org.eclipse.help' range='0.0.0'/>
        <required namespace='osgi.bundle' name='org.eclipse.equinox.preferences' range='0.0.0'/>
        <requiredProperties namespace='osgi.ee' match='(&amp;(osgi.ee=JavaSE)(version=11))'>
          <description>
            com.adtbook.examples.extpointview
          </description>
        </requiredProperties>
      </requires>
      <artifacts size='1'>
        <artifact classifier='osgi.bundle' id='com.adtbook.examples.extpointview' version='1.0.0.101'/>
      </artifacts>
      <touchpoint id='org.eclipse.equinox.p2.osgi' version='1.0.0'/>
      <touchpointData size='1'>
        <instructions size='1'>
          <instruction key='manifest'>
            Bundle-SymbolicName: com.adtbook.examples.extpointview;singleton:=true&#xA;Bundle-Version: 1.0.0.101
          </instruction>
        </instructions>
      </touchpointData>
    </unit>
    <unit id='com.adtbook.examples.firstview' version='1.0.0.100' generation='2'>
      <update id='com.adtbook.examples.firstview' range='[0.0.0,1.0.0.100)' severity='0'/>
      <properties size='1'>
        <property name='org.eclipse.equinox.p2.name' value='First View'/>
      </properties>
      <provides size='4'>
        <provided namespace='org.eclipse.equinox.p2.iu' name='com.adtbook.examples.firstview' version='1.0.0.100'/>
        <provided namespace='osgi.bundle' name='com.adtbook.examples.firstview' version='1.0.0.100'/>
        <provided namespace='osgi.identity' name='com.adtbook.examples.firstview' version='1.0.0.100'>
          <properties size='1'>
            <property name='type' value='osgi.bundle'/>
          </properties>
        </provided>
        <provided namespace='org.eclipse.equinox.p2.eclipse.type' name='bundle' version='1.0.0'/>
      </provides>
      <requires size='4'>
        <required namespace='osgi.bundle' name='org.eclipse.ui' range='0.0.0'/>
        <required namespace='osgi.bundle' name='org.eclipse.core.runtime' range='0.0.0'/>
        <required namespace='java.package' name='javax.inject' range='0.0.0'/>
        <requiredProperties namespace='osgi.ee' match='(&amp;(osgi.ee=JavaSE)(version=11))'>
          <description>
            com.adtbook.examples.firstview
          </description>
        </requiredProperties>
      </requires>
      <artifacts size='1'>
        <artifact classifier='osgi.bundle' id='com.adtbook.examples.firstview' version='1.0.0.100'/>
      </artifacts>
      <touchpoint id='org.eclipse.equinox.p2.osgi' version='1.0.0'/>
      <touchpointData size='1'>
        <instructions size='1'>
          <instruction key='manifest'>
            Bundle-SymbolicName: com.adtbook.examples.firstview;singleton:=true&#xA;Bundle-Version: 1.0.0.100
          </instruction>
        </instructions>
      </touchpointData>
    </unit>
    <unit id='com.adtbook.examples.feature.feature.group' version='1.0.0.101' singleton='false'>
      <update id='com.adtbook.examples.feature.feature.group' range='[0.0.0,1.0.0.101)' severity='0'/>
      <properties size='4'>
        <property name='org.eclipse.equinox.p2.name' value='ADT Book Sample Feature Project'/>
        <property name='org.eclipse.equinox.p2.description' value='[Enter Feature Description here.]'/>
        <property name='org.eclipse.equinox.p2.description.url' value='http://www.example.com/description'/>
        <property name='org.eclipse.equinox.p2.type.group' value='true'/>
      </properties>
      <provides size='1'>
        <provided namespace='org.eclipse.equinox.p2.iu' name='com.adtbook.examples.feature.feature.group' version='1.0.0.101'/>
      </provides>
      <requires size='8'>
        <required namespace='org.eclipse.equinox.p2.iu' name='org.eclipse.ui' range='0.0.0'/>
        <required namespace='org.eclipse.equinox.p2.iu' name='org.eclipse.core.runtime' range='0.0.0'/>
        <required namespace='org.eclipse.equinox.p2.iu' name='javax.inject' range='0.0.0'/>
        <required namespace='org.eclipse.equinox.p2.iu' name='org.eclipse.help' range='0.0.0'/>
        <required namespace='org.eclipse.equinox.p2.iu' name='org.eclipse.equinox.preferences' range='0.0.0'/>
        <required namespace='org.eclipse.equinox.p2.iu' name='com.adtbook.examples.firstview' range='[1.0.0.101,1.0.0.101]'/>
        <required namespace='org.eclipse.equinox.p2.iu' name='com.adtbook.examples.extpointview' range='[1.0.0.101,1.0.0.101]'/>
        <required namespace='org.eclipse.equinox.p2.iu' name='com.adtbook.examples.feature.feature.jar' range='[1.0.0.101,1.0.0.101]'>
          <filter>
            (org.eclipse.update.install.features=true)
          </filter>
        </required>
      </requires>
      <touchpoint id='null' version='0.0.0'/>
      <licenses size='1'>
        <license uri='http://www.example.com/license' url='http://www.example.com/license'>
          [Enter License Description here.]
        </license>
      </licenses>
      <copyright uri='http://www.example.com/copyright' url='http://www.example.com/copyright'>
        [Enter Copyright Description here.]
      </copyright>
    </unit>
    <unit id='com.adtbook.examples.feature.feature.jar' version='1.0.0.101'>
      <properties size='3'>
        <property name='org.eclipse.equinox.p2.name' value='ADT Book Sample Feature Project'/>
        <property name='org.eclipse.equinox.p2.description' value='[Enter Feature Description here.]'/>
        <property name='org.eclipse.equinox.p2.description.url' value='http://www.example.com/description'/>
      </properties>
      <provides size='3'>
        <provided namespace='org.eclipse.equinox.p2.iu' name='com.adtbook.examples.feature.feature.jar' version='1.0.0.101'/>
        <provided namespace='org.eclipse.equinox.p2.eclipse.type' name='feature' version='1.0.0'/>
        <provided namespace='org.eclipse.update.feature' name='com.adtbook.examples.feature' version='1.0.0.101'/>
      </provides>
      <filter>
        (org.eclipse.update.install.features=true)
      </filter>
      <artifacts size='1'>
        <artifact classifier='org.eclipse.update.feature' id='com.adtbook.examples.feature' version='1.0.0.101'/>
      </artifacts>
      <touchpoint id='org.eclipse.equinox.p2.osgi' version='1.0.0'/>
      <touchpointData size='1'>
        <instructions size='1'>
          <instruction key='zipped'>
            true
          </instruction>
        </instructions>
      </touchpointData>
      <licenses size='1'>
        <license uri='http://www.example.com/license' url='http://www.example.com/license'>
          [Enter License Description here.]
        </license>
      </licenses>
      <copyright uri='http://www.example.com/copyright' url='http://www.example.com/copyright'>
        [Enter Copyright Description here.]
      </copyright>
    </unit>
    <unit id='com.adtbook.examples.feature.feature.group' version='1.0.0.100' singleton='false'>
      <update id='com.adtbook.examples.feature.feature.group' range='[0.0.0,1.0.0.100)' severity='0'/>
      <properties size='4'>
        <property name='org.eclipse.equinox.p2.name' value='ADT Book Sample Feature Project'/>
        <property name='org.eclipse.equinox.p2.description' value='[Enter Feature Description here.]'/>
        <property name='org.eclipse.equinox.p2.description.url' value='http://www.example.com/description'/>
        <property name='org.eclipse.equinox.p2.type.group' value='true'/>
      </properties>
      <provides size='1'>
        <provided namespace='org.eclipse.equinox.p2.iu' name='com.adtbook.examples.feature.feature.group' version='1.0.0.100'/>
      </provides>
      <requires size='8'>
        <required namespace='org.eclipse.equinox.p2.iu' name='org.eclipse.ui' range='0.0.0'/>
        <required namespace='org.eclipse.equinox.p2.iu' name='org.eclipse.core.runtime' range='0.0.0'/>
        <required namespace='org.eclipse.equinox.p2.iu' name='javax.inject' range='0.0.0'/>
        <required namespace='org.eclipse.equinox.p2.iu' name='org.eclipse.help' range='0.0.0'/>
        <required namespace='org.eclipse.equinox.p2.iu' name='org.eclipse.equinox.preferences' range='0.0.0'/>
        <required namespace='org.eclipse.equinox.p2.iu' name='com.adtbook.examples.firstview' range='[1.0.0.100,1.0.0.100]'/>
        <required namespace='org.eclipse.equinox.p2.iu' name='com.adtbook.examples.extpointview' range='[1.0.0.100,1.0.0.100]'/>
        <required namespace='org.eclipse.equinox.p2.iu' name='com.adtbook.examples.feature.feature.jar' range='[1.0.0.100,1.0.0.100]'>
          <filter>
            (org.eclipse.update.install.features=true)
          </filter>
        </required>
      </requires>
      <touchpoint id='null' version='0.0.0'/>
      <licenses size='1'>
        <license uri='http://www.example.com/license' url='http://www.example.com/license'>
          [Enter License Description here.]
        </license>
      </licenses>
      <copyright uri='http://www.example.com/copyright' url='http://www.example.com/copyright'>
        [Enter Copyright Description here.]
      </copyright>
    </unit>
    <unit id='SampleFeatureCategory' version='1.0.0.2--cL2Enh535'>
      <properties size='2'>
        <property name='org.eclipse.equinox.p2.name' value='Sample Category'/>
        <property name='org.eclipse.equinox.p2.type.category' value='true'/>
      </properties>
      <provides size='1'>
        <provided namespace='org.eclipse.equinox.p2.iu' name='SampleFeatureCategory' version='1.0.0.2--cL2Enh535'/>
      </provides>
      <requires size='1'>
        <required namespace='org.eclipse.equinox.p2.iu' name='com.adtbook.examples.feature.feature.group' range='[1.0.0.101,1.0.0.101]'/>
      </requires>
      <touchpoint id='null' version='0.0.0'/>
    </unit>
    <unit id='com.adtbook.examples.feature.feature.jar' version='1.0.0.100'>
      <properties size='3'>
        <property name='org.eclipse.equinox.p2.name' value='ADT Book Sample Feature Project'/>
        <property name='org.eclipse.equinox.p2.description' value='[Enter Feature Description here.]'/>
        <property name='org.eclipse.equinox.p2.description.url' value='http://www.example.com/description'/>
      </properties>
      <provides size='3'>
        <provided namespace='org.eclipse.equinox.p2.iu' name='com.adtbook.examples.feature.feature.jar' version='1.0.0.100'/>
        <provided namespace='org.eclipse.equinox.p2.eclipse.type' name='feature' version='1.0.0'/>
        <provided namespace='org.eclipse.update.feature' name='com.adtbook.examples.feature' version='1.0.0.100'/>
      </provides>
      <filter>
        (org.eclipse.update.install.features=true)
      </filter>
      <artifacts size='1'>
        <artifact classifier='org.eclipse.update.feature' id='com.adtbook.examples.feature' version='1.0.0.100'/>
      </artifacts>
      <touchpoint id='org.eclipse.equinox.p2.osgi' version='1.0.0'/>
      <touchpointData size='1'>
        <instructions size='1'>
          <instruction key='zipped'>
            true
          </instruction>
        </instructions>
      </touchpointData>
      <licenses size='1'>
        <license uri='http://www.example.com/license' url='http://www.example.com/license'>
          [Enter License Description here.]
        </license>
      </licenses>
      <copyright uri='http://www.example.com/copyright' url='http://www.example.com/copyright'>
        [Enter Copyright Description here.]
      </copyright>
    </unit>
  </units>
</repository>
